{"data":[{"hovertemplate":"<b>%{hovertext}</b><br><br>Tests/ 1M population=%{x}<br>Tot\u00a0Cases/1M pop=%{y}<br>=%{text}<br><b>Deaths</b>/<br>1\u039c=%{marker.color}<extra></extra>","hovertext":["USA","Brazil","Russia","Spain","UK","Italy","France","Germany","India","Turkey","Iran","Peru","Canada","Chile","Mexico","Saudi Arabia","Pakistan","Belgium","Qatar","Netherlands","Bangladesh","Belarus","Ecuador","Sweden","Singapore","UAE","Portugal","Switzerland","South Africa","Colombia","Indonesia","Ireland","Kuwait","Poland","Ukraine","Egypt","Romania","Israel","Japan","Austria","Dominican Republic","Philippines","Argentina","Afghanistan","Panama","Denmark","S. Korea","Serbia","Bahrain","Kazakhstan","Oman","Czechia","Algeria","Nigeria","Armenia","Norway","Bolivia","Malaysia","Moldova","Morocco","Ghana","Australia","Finland","Iraq","Cameroon","Azerbaijan","Honduras","Guatemala","Luxembourg","Hungary","Tajikistan","Guinea","Uzbekistan","Senegal","Thailand","Djibouti","Greece","DRC","Ivory Coast","Bosnia and Herzegovina","Bulgaria","Gabon","El Salvador","Croatia","North Macedonia","Cuba","Estonia","Somalia","Iceland","Mayotte","Lithuania","Kyrgyzstan","Kenya","Sri Lanka","Slovakia","Maldives","New Zealand","Slovenia","Haiti","Venezuela","Nepal","Guinea-Bissau","Mali","Lebanon","Albania","Hong Kong","Tunisia","Latvia","Zambia","Equatorial Guinea","Costa Rica","South Sudan","Niger","Cyprus","Paraguay","Burkina Faso","Ethiopia","Sierra Leone","Uruguay","Andorra","Nicaragua","CAR","Georgia","Jordan","Chad","Madagascar","San Marino","Malta","Congo","Jamaica","Channel Islands","Tanzania","R\u00e9union","Sao Tome and Principe","Palestine","Taiwan","French Guiana","Togo","Cabo Verde","Mauritania","Isle of Man","Mauritius","Montenegro","Eswatini","Liberia","Mozambique","Benin","Myanmar","Malawi","Martinique","Guadeloupe","Guyana","Zimbabwe","Brunei","Bermuda","Cayman Islands","Syria","Trinidad and Tobago","Libya","Bahamas","Aruba","Monaco","Barbados","Comoros","Liechtenstein","Sint Maarten","Angola","Saint Martin","Botswana","Antigua and Barbuda","Gambia","Belize","Cura\u00e7ao","Suriname","Turks and Caicos","Montserrat","Western Sahara","British Virgin Islands","China"],"legendgroup":"","marker":{"color":[312.0,126.0,30.0,580.0,558.0,548.0,439.0,102.0,3.0,53.0,92.0,124.0,182.0,47.0,70.0,13.0,6.0,814.0,13.0,345.0,4.0,23.0,188.0,423.0,4.0,26.0,134.0,222.0,10.0,16.0,6.0,332.0,43.0,28.0,16.0,8.0,64.0,31.0,7.0,74.0,45.0,8.0,11.0,6.0,74.0,98.0,5.0,28.0,9.0,2.0,8.0,30.0,14.0,1.0,41.0,44.0,25.0,4.0,70.0,5.0,1.0,4.0,56.0,4.0,7.0,6.0,20.0,4.0,176.0,54.0,5.0,2.0,0.4,2.0,0.8,20.0,17.0,0.8,1.0,47.0,20.0,6.0,6.0,25.0,58.0,7.0,51.0,5.0,29.0,77.0,25.0,2.0,1.0,0.5,5.0,9.0,4.0,52.0,3.0,0.4,0.2,4.0,4.0,4.0,11.0,0.5,4.0,13.0,0.4,9.0,2.0,0.9,3.0,14.0,2.0,3.0,0.06,6.0,6.0,660.0,5.0,0.2,3.0,0.9,4.0,0.2,1238.0,18.0,3.0,3.0,259.0,0.4,1.0,55.0,0.6,0.3,3.0,2.0,7.0,4.0,282.0,8.0,14.0,2.0,5.0,0.06,0.2,0.1,0.2,37.0,35.0,14.0,0.3,5.0,144.0,15.0,0.2,6.0,0.7,28.0,28.0,102.0,24.0,2.0,26.0,350.0,0.1,78.0,0.4,31.0,0.4,5.0,6.0,2.0,26.0,200.0,2.0,33.0,3.0],"coloraxis":"coloraxis","opacity":0.9,"size":[462.0,276.0,180.0,730.0,708.0,698.0,589.0,252.0,153.0,203.0,242.0,274.0,332.0,197.0,220.0,163.0,156.0,964.0,163.0,495.0,154.0,173.0,338.0,573.0,154.0,176.0,284.0,372.0,160.0,166.0,156.0,482.0,193.0,178.0,166.0,158.0,214.0,181.0,157.0,224.0,195.0,158.0,161.0,156.0,224.0,248.0,155.0,178.0,159.0,152.0,158.0,180.0,164.0,151.0,191.0,194.0,175.0,154.0,220.0,155.0,151.0,154.0,206.0,154.0,157.0,156.0,170.0,154.0,326.0,204.0,155.0,152.0,150.4,152.0,150.8,170.0,167.0,150.8,151.0,197.0,170.0,156.0,156.0,175.0,208.0,157.0,201.0,155.0,179.0,227.0,175.0,152.0,151.0,150.5,155.0,159.0,154.0,202.0,153.0,150.4,150.2,154.0,154.0,154.0,161.0,150.5,154.0,163.0,150.4,159.0,152.0,150.9,153.0,164.0,152.0,153.0,150.06,156.0,156.0,810.0,155.0,150.2,153.0,150.9,154.0,150.2,1388.0,168.0,153.0,153.0,409.0,150.4,151.0,205.0,150.6,150.3,153.0,152.0,157.0,154.0,432.0,158.0,164.0,152.0,155.0,150.06,150.2,150.1,150.2,187.0,185.0,164.0,150.3,155.0,294.0,165.0,150.2,156.0,150.7,178.0,178.0,252.0,174.0,152.0,176.0,500.0,150.1,228.0,150.4,181.0,150.4,155.0,156.0,152.0,176.0,350.0,152.0,183.0,153.0],"sizemode":"area","sizeref":3.47,"symbol":"circle"},"mode":"markers+text","name":"","showlegend":false,"text":["","","","","","","","","","","","","","","","","","","","","","","","","","","","","","","","","","","","","","","","","","","","","","","","","","","","","","","","","","","","","","","","","","","","","","","","","","","","","Greece","","","","","","","","","","","","","","","","","","","","","","","","","","","","","","","","","","","","","","","","","","","","","","","","","","","","","","","","","","","","","","","","","","","","","","","","","","","","","","","","","","","","","","","","","","","","","","","","","","","","","",""],"textfont":{"color":"#114B5F","family":"Roboto","size":16},"textposition":"middle right","type":"scatter","x":[49370.0,4104.0,68527.0,76071.0,57743.0,60909.0,21217.0,47194.0,2527.0,22885.0,10687.0,28207.0,42036.0,27756.0,1901.0,22171.0,2359.0,72237.0,74016.0,20003.0,1745.0,52833.0,6290.0,23659.0,57250.0,213629.0,76349.0,44610.0,11069.0,5574.0,1100.0,66049.0,66206.0,22371.0,7709.0,1322.0,21895.0,61463.0,2223.0,48246.0,6884.0,2959.0,3213.0,925.0,14670.0,100693.0,17265.0,26775.0,175706.0,40613.0,14136.0,40212.0,null,243.0,18916.0,44277.0,1912.0,16084.0,10054.0,5041.0,6640.0,54868.0,32378.0,5270.0,null,28099.0,1496.0,1757.0,113756.0,18645.0,null,1100.0,13763.0,2365.0,5380.0,25599.0,16348.0,null,989.0,19374.0,11418.0,5705.0,13057.0,15848.0,12971.0,8806.0,61607.0,null,176344.0,19107.0,107910.0,16813.0,1308.0,2844.0,30692.0,21821.0,55147.0,38137.0,305.0,31561.0,5832.0,764.0,173.0,11562.0,4958.0,27088.0,4267.0,56640.0,1324.0,611.0,4892.0,300.0,250.0,92221.0,3849.0,null,842.0,null,11942.0,48541.0,null,2400.0,13062.0,17373.0,null,371.0,126839.0,148313.0,null,3872.0,59033.0,null,19224.0,800.0,8817.0,3013.0,null,2264.0,2353.0,557.0,55675.0,87574.0,16188.0,4309.0,null,290.0,2343.0,419.0,177.0,null,8930.0,1983.0,2495.0,43382.0,111416.0,159421.0,null,2226.0,751.0,5218.0,19723.0,null,18100.0,null,23611.0,10226.0,305.0,14325.0,7666.0,1870.0,718.0,3960.0,3487.0,1334.0,3336.0,7212.0,null,5527.0,null],"xaxis":"x","y":[5346.0,2066.0,2656.0,6096.0,3966.0,3832.0,2854.0,2178.0,121.0,1911.0,1748.0,4306.0,2347.0,4552.0,632.0,2307.0,290.0,5012.0,18394.0,2682.0,260.0,4218.0,2184.0,3540.0,5792.0,3293.0,3098.0,3561.0,463.0,499.0,92.0,5036.0,5654.0,607.0,521.0,204.0,986.0,1836.0,132.0,1850.0,1483.0,142.0,326.0,352.0,2816.0,1988.0,222.0,1293.0,5929.0,530.0,1928.0,854.0,206.0,43.0,2928.0,1553.0,719.0,239.0,1915.0,209.0,236.0,282.0,1223.0,136.0,205.0,470.0,481.0,243.0,6413.0,398.0,374.0,271.0,104.0,205.0,44.0,2953.0,279.0,32.0,100.0,757.0,357.0,1095.0,351.0,547.0,997.0,175.0,1401.0,115.0,5293.0,6136.0,610.0,255.0,30.0,71.0,278.0,2804.0,301.0,709.0,127.0,47.0,42.0,609.0,59.0,171.0,382.0,144.0,91.0,564.0,58.0,746.0,196.0,89.0,40.0,780.0,126.0,41.0,7.0,102.0,234.0,9877.0,115.0,157.0,187.0,71.0,44.0,25.0,19749.0,1395.0,104.0,192.0,3224.0,9.0,520.0,2094.0,88.0,19.0,1464.0,51.0,702.0,75.0,3953.0,263.0,516.0,241.0,53.0,7.0,17.0,4.0,11.0,525.0,402.0,191.0,10.0,323.0,2247.0,2133.0,7.0,83.0,15.0,257.0,946.0,2499.0,320.0,100.0,2151.0,1798.0,2.0,1036.0,15.0,255.0,10.0,45.0,110.0,20.0,310.0,2204.0,15.0,265.0,58.0],"yaxis":"y"}],"layout":{"coloraxis":{"cmax":1238.0,"cmin":0.06,"colorbar":{"nticks":3,"tick0":0.06,"tickmode":"array","ticktext":[0.06,619.0,1238.0],"tickvals":[0.06,619.0,1238.0],"title":{"text":"<b>Deaths</b>/<br>1\u039c"}},"colorscale":[[0.0,"#3f6678"],[1.0,"#BA3A0A"]]},"height":450,"hoverlabel":{"font":{"family":"Roboto","size":10}},"hovermode":"closest","legend":{"itemsizing":"constant","tracegroupgap":0},"margin":{"b":10,"l":30,"pad":0,"r":10,"t":80},"paper_bgcolor":"#E6ECEC","plot_bgcolor":"#E6ECEC","showlegend":true,"template":{"data":{"bar":[{"error_x":{"color":"#2a3f5f"},"error_y":{"color":"#2a3f5f"},"marker":{"line":{"color":"#E5ECF6","width":0.5}},"type":"bar"}],"barpolar":[{"marker":{"line":{"color":"#E5ECF6","width":0.5}},"type":"barpolar"}],"carpet":[{"aaxis":{"endlinecolor":"#2a3f5f","gridcolor":"white","linecolor":"white","minorgridcolor":"white","startlinecolor":"#2a3f5f"},"baxis":{"endlinecolor":"#2a3f5f","gridcolor":"white","linecolor":"white","minorgridcolor":"white","startlinecolor":"#2a3f5f"},"type":"carpet"}],"choropleth":[{"colorbar":{"outlinewidth":0,"ticks":""},"type":"choropleth"}],"contour":[{"colorbar":{"outlinewidth":0,"ticks":""},"colorscale":[[0.0,"#0d0887"],[0.1111111111111111,"#46039f"],[0.2222222222222222,"#7201a8"],[0.3333333333333333,"#9c179e"],[0.4444444444444444,"#bd3786"],[0.5555555555555556,"#d8576b"],[0.6666666666666666,"#ed7953"],[0.7777777777777778,"#fb9f3a"],[0.8888888888888888,"#fdca26"],[1.0,"#f0f921"]],"type":"contour"}],"contourcarpet":[{"colorbar":{"outlinewidth":0,"ticks":""},"type":"contourcarpet"}],"heatmap":[{"colorbar":{"outlinewidth":0,"ticks":""},"colorscale":[[0.0,"#0d0887"],[0.1111111111111111,"#46039f"],[0.2222222222222222,"#7201a8"],[0.3333333333333333,"#9c179e"],[0.4444444444444444,"#bd3786"],[0.5555555555555556,"#d8576b"],[0.6666666666666666,"#ed7953"],[0.7777777777777778,"#fb9f3a"],[0.8888888888888888,"#fdca26"],[1.0,"#f0f921"]],"type":"heatmap"}],"heatmapgl":[{"colorbar":{"outlinewidth":0,"ticks":""},"colorscale":[[0.0,"#0d0887"],[0.1111111111111111,"#46039f"],[0.2222222222222222,"#7201a8"],[0.3333333333333333,"#9c179e"],[0.4444444444444444,"#bd3786"],[0.5555555555555556,"#d8576b"],[0.6666666666666666,"#ed7953"],[0.7777777777777778,"#fb9f3a"],[0.8888888888888888,"#fdca26"],[1.0,"#f0f921"]],"type":"heatmapgl"}],"histogram":[{"marker":{"colorbar":{"outlinewidth":0,"ticks":""}},"type":"histogram"}],"histogram2d":[{"colorbar":{"outlinewidth":0,"ticks":""},"colorscale":[[0.0,"#0d0887"],[0.1111111111111111,"#46039f"],[0.2222222222222222,"#7201a8"],[0.3333333333333333,"#9c179e"],[0.4444444444444444,"#bd3786"],[0.5555555555555556,"#d8576b"],[0.6666666666666666,"#ed7953"],[0.7777777777777778,"#fb9f3a"],[0.8888888888888888,"#fdca26"],[1.0,"#f0f921"]],"type":"histogram2d"}],"histogram2dcontour":[{"colorbar":{"outlinewidth":0,"ticks":""},"colorscale":[[0.0,"#0d0887"],[0.1111111111111111,"#46039f"],[0.2222222222222222,"#7201a8"],[0.3333333333333333,"#9c179e"],[0.4444444444444444,"#bd3786"],[0.5555555555555556,"#d8576b"],[0.6666666666666666,"#ed7953"],[0.7777777777777778,"#fb9f3a"],[0.8888888888888888,"#fdca26"],[1.0,"#f0f921"]],"type":"histogram2dcontour"}],"mesh3d":[{"colorbar":{"outlinewidth":0,"ticks":""},"type":"mesh3d"}],"parcoords":[{"line":{"colorbar":{"outlinewidth":0,"ticks":""}},"type":"parcoords"}],"pie":[{"automargin":true,"type":"pie"}],"scatter":[{"marker":{"colorbar":{"outlinewidth":0,"ticks":""}},"type":"scatter"}],"scatter3d":[{"line":{"colorbar":{"outlinewidth":0,"ticks":""}},"marker":{"colorbar":{"outlinewidth":0,"ticks":""}},"type":"scatter3d"}],"scattercarpet":[{"marker":{"colorbar":{"outlinewidth":0,"ticks":""}},"type":"scattercarpet"}],"scattergeo":[{"marker":{"colorbar":{"outlinewidth":0,"ticks":""}},"type":"scattergeo"}],"scattergl":[{"marker":{"colorbar":{"outlinewidth":0,"ticks":""}},"type":"scattergl"}],"scattermapbox":[{"marker":{"colorbar":{"outlinewidth":0,"ticks":""}},"type":"scattermapbox"}],"scatterpolar":[{"marker":{"colorbar":{"outlinewidth":0,"ticks":""}},"type":"scatterpolar"}],"scatterpolargl":[{"marker":{"colorbar":{"outlinewidth":0,"ticks":""}},"type":"scatterpolargl"}],"scatterternary":[{"marker":{"colorbar":{"outlinewidth":0,"ticks":""}},"type":"scatterternary"}],"surface":[{"colorbar":{"outlinewidth":0,"ticks":""},"colorscale":[[0.0,"#0d0887"],[0.1111111111111111,"#46039f"],[0.2222222222222222,"#7201a8"],[0.3333333333333333,"#9c179e"],[0.4444444444444444,"#bd3786"],[0.5555555555555556,"#d8576b"],[0.6666666666666666,"#ed7953"],[0.7777777777777778,"#fb9f3a"],[0.8888888888888888,"#fdca26"],[1.0,"#f0f921"]],"type":"surface"}],"table":[{"cells":{"fill":{"color":"#EBF0F8"},"line":{"color":"white"}},"header":{"fill":{"color":"#C8D4E3"},"line":{"color":"white"}},"type":"table"}]},"layout":{"annotationdefaults":{"arrowcolor":"#2a3f5f","arrowhead":0,"arrowwidth":1},"coloraxis":{"colorbar":{"outlinewidth":0,"ticks":""}},"colorscale":{"diverging":[[0,"#8e0152"],[0.1,"#c51b7d"],[0.2,"#de77ae"],[0.3,"#f1b6da"],[0.4,"#fde0ef"],[0.5,"#f7f7f7"],[0.6,"#e6f5d0"],[0.7,"#b8e186"],[0.8,"#7fbc41"],[0.9,"#4d9221"],[1,"#276419"]],"sequential":[[0.0,"#0d0887"],[0.1111111111111111,"#46039f"],[0.2222222222222222,"#7201a8"],[0.3333333333333333,"#9c179e"],[0.4444444444444444,"#bd3786"],[0.5555555555555556,"#d8576b"],[0.6666666666666666,"#ed7953"],[0.7777777777777778,"#fb9f3a"],[0.8888888888888888,"#fdca26"],[1.0,"#f0f921"]],"sequentialminus":[[0.0,"#0d0887"],[0.1111111111111111,"#46039f"],[0.2222222222222222,"#7201a8"],[0.3333333333333333,"#9c179e"],[0.4444444444444444,"#bd3786"],[0.5555555555555556,"#d8576b"],[0.6666666666666666,"#ed7953"],[0.7777777777777778,"#fb9f3a"],[0.8888888888888888,"#fdca26"],[1.0,"#f0f921"]]},"colorway":["#636efa","#EF553B","#00cc96","#ab63fa","#FFA15A","#19d3f3","#FF6692","#B6E880","#FF97FF","#FECB52"],"font":{"color":"#2a3f5f"},"geo":{"bgcolor":"white","lakecolor":"white","landcolor":"#E5ECF6","showlakes":true,"showland":true,"subunitcolor":"white"},"hoverlabel":{"align":"left"},"hovermode":"closest","mapbox":{"style":"light"},"paper_bgcolor":"white","plot_bgcolor":"#E5ECF6","polar":{"angularaxis":{"gridcolor":"white","linecolor":"white","ticks":""},"bgcolor":"#E5ECF6","radialaxis":{"gridcolor":"white","linecolor":"white","ticks":""}},"scene":{"xaxis":{"backgroundcolor":"#E5ECF6","gridcolor":"white","gridwidth":2,"linecolor":"white","showbackground":true,"ticks":"","zerolinecolor":"white"},"yaxis":{"backgroundcolor":"#E5ECF6","gridcolor":"white","gridwidth":2,"linecolor":"white","showbackground":true,"ticks":"","zerolinecolor":"white"},"zaxis":{"backgroundcolor":"#E5ECF6","gridcolor":"white","gridwidth":2,"linecolor":"white","showbackground":true,"ticks":"","zerolinecolor":"white"}},"shapedefaults":{"line":{"color":"#2a3f5f"}},"ternary":{"aaxis":{"gridcolor":"white","linecolor":"white","ticks":""},"baxis":{"gridcolor":"white","linecolor":"white","ticks":""},"bgcolor":"#E5ECF6","caxis":{"gridcolor":"white","linecolor":"white","ticks":""}},"title":{"x":0.05},"xaxis":{"automargin":true,"gridcolor":"white","linecolor":"white","ticks":"","title":{"standoff":15},"zerolinecolor":"white","zerolinewidth":2},"yaxis":{"automargin":true,"gridcolor":"white","linecolor":"white","ticks":"","title":{"standoff":15},"zerolinecolor":"white","zerolinewidth":2}}},"title":{"font":{"color":"#114B5F","family":"Roboto","size":16},"text":"<b>Cases</b>, <b>Tests</b> and <b>Deaths</b> per country"},"xaxis":{"anchor":"y","domain":[0.0,1.0],"gridcolor":"#F8FAFA","linecolor":"#114B5F","linewidth":0.1,"showgrid":false,"showline":true,"showticklabels":true,"tickcolor":"#BBBBBB","tickfont":{"color":"#114B5F","family":"Roboto","size":12},"ticks":"outside","title":{"font":{"color":"#114B5F","family":"Roboto","size":12},"text":"<b>Tests</b>/1M population"},"type":"log","zeroline":true},"yaxis":{"anchor":"x","domain":[0.0,1.0],"gridcolor":"#F8FAFA","linecolor":"#114B5F","linewidth":0.1,"showgrid":true,"showline":true,"showticklabels":true,"tickcolor":"#BBBBBB","tickfont":{"color":"#114B5F","family":"Roboto","size":12},"ticks":"outside","title":{"font":{"color":"#114B5F","family":"Roboto","size":12},"text":"<b>Cases</b>/1M population"},"type":"log","zeroline":false}}}