{"data":[{"connectgaps":true,"line":{"shape":"spline"},"marker":{"color":"#BA3A0A"},"mode":"lines+markers","name":"deaths","type":"scatter","x":["12-Mar","13-Mar","14-Mar","15-Mar","16-Mar","17-Mar","18-Mar","19-Mar","20-Mar","21-Mar","22-Mar","23-Mar","24-Mar","25-Mar","26-Mar","27-Mar","28-Mar","29-Mar","30-Mar","31-Mar","01-Apr","02-Apr","03-Apr","04-Apr","05-Apr","06-Apr","07-Apr","08-Apr","09-Apr","10-Apr","11-Apr","12-Apr","13-Apr","14-Apr","15-Apr","16-Apr","17-Apr","18-Apr","19-Apr","20-Apr","21-Apr","22-Apr","23-Apr","24-Apr","25-Apr","26-Apr","27-Apr","28-Apr","29-Apr","30-Apr","01-May","02-May","03-May","04-May","05-May","06-May","07-May","08-May","09-May","10-May","11-May","12-May","13-May","14-May","15-May","16-May","17-May","18-May","19-May","20-May","21-May","22-May","23-May","24-May","25-May","26-May","27-May","28-May"],"y":[1.0,0.0,2.0,1.0,0.0,1.0,0.0,1.0,4.0,3.0,2.0,2.0,3.0,2.0,4.0,2.0,4.0,6.0,5.0,6.0,2.0,2.0,10.0,5.0,5.0,7.0,1.0,2.0,5.0,5.0,5.0,0.0,2.0,1.0,2.0,2.0,3.0,2.0,3.0,4.0,4.0,0.0,6.0,3.0,2.0,2.0,2.0,2.0,1.0,1.0,0.0,3.0,1.0,2.0,0.0,1.0,2.0,2.0,0.0,0.0,1.0,1.0,3.0,1.0,4.0,1.0,1.0,2.0,1.0,1.0,1.0,1.0,2.0,0.0,2.0,0.0,0.0,2.0]},{"connectgaps":true,"line":{"shape":"spline"},"marker":{"color":"#3f6678"},"mode":"lines+markers","name":"intubated","type":"scatter","x":["12-Mar","13-Mar","14-Mar","15-Mar","16-Mar","17-Mar","18-Mar","19-Mar","20-Mar","21-Mar","22-Mar","23-Mar","24-Mar","25-Mar","26-Mar","27-Mar","28-Mar","29-Mar","30-Mar","31-Mar","01-Apr","02-Apr","03-Apr","04-Apr","05-Apr","06-Apr","07-Apr","08-Apr","09-Apr","10-Apr","11-Apr","12-Apr","13-Apr","14-Apr","15-Apr","16-Apr","17-Apr","18-Apr","19-Apr","20-Apr","21-Apr","22-Apr","23-Apr","24-Apr","25-Apr","26-Apr","27-Apr","28-Apr","29-Apr","30-Apr","01-May","02-May","03-May","04-May","05-May","06-May","07-May","08-May","09-May","10-May","11-May","12-May","13-May","14-May","15-May","16-May","17-May","18-May","19-May","20-May","21-May","22-May","23-May","24-May","25-May","26-May","27-May","28-May"],"y":[1.0,null,5.0,8.0,9.0,null,13.0,16.0,null,18.0,34.0,35.0,45.0,53.0,54.0,65.0,69.0,69.0,72.0,85.0,90.0,91.0,92.0,92.0,93.0,90.0,90.0,84.0,79.0,77.0,75.0,76.0,73.0,76.0,72.0,69.0,71.0,67.0,null,61.0,59.0,55.0,52.0,48.0,47.0,46.0,43.0,40.0,41.0,38.0,36.0,37.0,37.0,35.0,35.0,36.0,33.0,32.0,28.0,30.0,32.0,32.0,28.0,24.0,23.0,23.0,22.0,24.0,22.0,22.0,21.0,19.0,20.0,19.0,18.0,18.0,17.0,16.0]}],"layout":{"height":450,"hoverlabel":{"font":{"family":"Roboto","size":10}},"hovermode":"closest","legend":{"font":{"color":"#114B5F","family":"Roboto","size":12}},"margin":{"b":10,"l":10,"pad":0,"r":10,"t":90},"paper_bgcolor":"#E6ECEC","plot_bgcolor":"#E6ECEC","showlegend":false,"template":{"data":{"bar":[{"error_x":{"color":"#2a3f5f"},"error_y":{"color":"#2a3f5f"},"marker":{"line":{"color":"#E5ECF6","width":0.5}},"type":"bar"}],"barpolar":[{"marker":{"line":{"color":"#E5ECF6","width":0.5}},"type":"barpolar"}],"carpet":[{"aaxis":{"endlinecolor":"#2a3f5f","gridcolor":"white","linecolor":"white","minorgridcolor":"white","startlinecolor":"#2a3f5f"},"baxis":{"endlinecolor":"#2a3f5f","gridcolor":"white","linecolor":"white","minorgridcolor":"white","startlinecolor":"#2a3f5f"},"type":"carpet"}],"choropleth":[{"colorbar":{"outlinewidth":0,"ticks":""},"type":"choropleth"}],"contour":[{"colorbar":{"outlinewidth":0,"ticks":""},"colorscale":[[0.0,"#0d0887"],[0.1111111111111111,"#46039f"],[0.2222222222222222,"#7201a8"],[0.3333333333333333,"#9c179e"],[0.4444444444444444,"#bd3786"],[0.5555555555555556,"#d8576b"],[0.6666666666666666,"#ed7953"],[0.7777777777777778,"#fb9f3a"],[0.8888888888888888,"#fdca26"],[1.0,"#f0f921"]],"type":"contour"}],"contourcarpet":[{"colorbar":{"outlinewidth":0,"ticks":""},"type":"contourcarpet"}],"heatmap":[{"colorbar":{"outlinewidth":0,"ticks":""},"colorscale":[[0.0,"#0d0887"],[0.1111111111111111,"#46039f"],[0.2222222222222222,"#7201a8"],[0.3333333333333333,"#9c179e"],[0.4444444444444444,"#bd3786"],[0.5555555555555556,"#d8576b"],[0.6666666666666666,"#ed7953"],[0.7777777777777778,"#fb9f3a"],[0.8888888888888888,"#fdca26"],[1.0,"#f0f921"]],"type":"heatmap"}],"heatmapgl":[{"colorbar":{"outlinewidth":0,"ticks":""},"colorscale":[[0.0,"#0d0887"],[0.1111111111111111,"#46039f"],[0.2222222222222222,"#7201a8"],[0.3333333333333333,"#9c179e"],[0.4444444444444444,"#bd3786"],[0.5555555555555556,"#d8576b"],[0.6666666666666666,"#ed7953"],[0.7777777777777778,"#fb9f3a"],[0.8888888888888888,"#fdca26"],[1.0,"#f0f921"]],"type":"heatmapgl"}],"histogram":[{"marker":{"colorbar":{"outlinewidth":0,"ticks":""}},"type":"histogram"}],"histogram2d":[{"colorbar":{"outlinewidth":0,"ticks":""},"colorscale":[[0.0,"#0d0887"],[0.1111111111111111,"#46039f"],[0.2222222222222222,"#7201a8"],[0.3333333333333333,"#9c179e"],[0.4444444444444444,"#bd3786"],[0.5555555555555556,"#d8576b"],[0.6666666666666666,"#ed7953"],[0.7777777777777778,"#fb9f3a"],[0.8888888888888888,"#fdca26"],[1.0,"#f0f921"]],"type":"histogram2d"}],"histogram2dcontour":[{"colorbar":{"outlinewidth":0,"ticks":""},"colorscale":[[0.0,"#0d0887"],[0.1111111111111111,"#46039f"],[0.2222222222222222,"#7201a8"],[0.3333333333333333,"#9c179e"],[0.4444444444444444,"#bd3786"],[0.5555555555555556,"#d8576b"],[0.6666666666666666,"#ed7953"],[0.7777777777777778,"#fb9f3a"],[0.8888888888888888,"#fdca26"],[1.0,"#f0f921"]],"type":"histogram2dcontour"}],"mesh3d":[{"colorbar":{"outlinewidth":0,"ticks":""},"type":"mesh3d"}],"parcoords":[{"line":{"colorbar":{"outlinewidth":0,"ticks":""}},"type":"parcoords"}],"pie":[{"automargin":true,"type":"pie"}],"scatter":[{"marker":{"colorbar":{"outlinewidth":0,"ticks":""}},"type":"scatter"}],"scatter3d":[{"line":{"colorbar":{"outlinewidth":0,"ticks":""}},"marker":{"colorbar":{"outlinewidth":0,"ticks":""}},"type":"scatter3d"}],"scattercarpet":[{"marker":{"colorbar":{"outlinewidth":0,"ticks":""}},"type":"scattercarpet"}],"scattergeo":[{"marker":{"colorbar":{"outlinewidth":0,"ticks":""}},"type":"scattergeo"}],"scattergl":[{"marker":{"colorbar":{"outlinewidth":0,"ticks":""}},"type":"scattergl"}],"scattermapbox":[{"marker":{"colorbar":{"outlinewidth":0,"ticks":""}},"type":"scattermapbox"}],"scatterpolar":[{"marker":{"colorbar":{"outlinewidth":0,"ticks":""}},"type":"scatterpolar"}],"scatterpolargl":[{"marker":{"colorbar":{"outlinewidth":0,"ticks":""}},"type":"scatterpolargl"}],"scatterternary":[{"marker":{"colorbar":{"outlinewidth":0,"ticks":""}},"type":"scatterternary"}],"surface":[{"colorbar":{"outlinewidth":0,"ticks":""},"colorscale":[[0.0,"#0d0887"],[0.1111111111111111,"#46039f"],[0.2222222222222222,"#7201a8"],[0.3333333333333333,"#9c179e"],[0.4444444444444444,"#bd3786"],[0.5555555555555556,"#d8576b"],[0.6666666666666666,"#ed7953"],[0.7777777777777778,"#fb9f3a"],[0.8888888888888888,"#fdca26"],[1.0,"#f0f921"]],"type":"surface"}],"table":[{"cells":{"fill":{"color":"#EBF0F8"},"line":{"color":"white"}},"header":{"fill":{"color":"#C8D4E3"},"line":{"color":"white"}},"type":"table"}]},"layout":{"annotationdefaults":{"arrowcolor":"#2a3f5f","arrowhead":0,"arrowwidth":1},"coloraxis":{"colorbar":{"outlinewidth":0,"ticks":""}},"colorscale":{"diverging":[[0,"#8e0152"],[0.1,"#c51b7d"],[0.2,"#de77ae"],[0.3,"#f1b6da"],[0.4,"#fde0ef"],[0.5,"#f7f7f7"],[0.6,"#e6f5d0"],[0.7,"#b8e186"],[0.8,"#7fbc41"],[0.9,"#4d9221"],[1,"#276419"]],"sequential":[[0.0,"#0d0887"],[0.1111111111111111,"#46039f"],[0.2222222222222222,"#7201a8"],[0.3333333333333333,"#9c179e"],[0.4444444444444444,"#bd3786"],[0.5555555555555556,"#d8576b"],[0.6666666666666666,"#ed7953"],[0.7777777777777778,"#fb9f3a"],[0.8888888888888888,"#fdca26"],[1.0,"#f0f921"]],"sequentialminus":[[0.0,"#0d0887"],[0.1111111111111111,"#46039f"],[0.2222222222222222,"#7201a8"],[0.3333333333333333,"#9c179e"],[0.4444444444444444,"#bd3786"],[0.5555555555555556,"#d8576b"],[0.6666666666666666,"#ed7953"],[0.7777777777777778,"#fb9f3a"],[0.8888888888888888,"#fdca26"],[1.0,"#f0f921"]]},"colorway":["#636efa","#EF553B","#00cc96","#ab63fa","#FFA15A","#19d3f3","#FF6692","#B6E880","#FF97FF","#FECB52"],"font":{"color":"#2a3f5f"},"geo":{"bgcolor":"white","lakecolor":"white","landcolor":"#E5ECF6","showlakes":true,"showland":true,"subunitcolor":"white"},"hoverlabel":{"align":"left"},"hovermode":"closest","mapbox":{"style":"light"},"paper_bgcolor":"white","plot_bgcolor":"#E5ECF6","polar":{"angularaxis":{"gridcolor":"white","linecolor":"white","ticks":""},"bgcolor":"#E5ECF6","radialaxis":{"gridcolor":"white","linecolor":"white","ticks":""}},"scene":{"xaxis":{"backgroundcolor":"#E5ECF6","gridcolor":"white","gridwidth":2,"linecolor":"white","showbackground":true,"ticks":"","zerolinecolor":"white"},"yaxis":{"backgroundcolor":"#E5ECF6","gridcolor":"white","gridwidth":2,"linecolor":"white","showbackground":true,"ticks":"","zerolinecolor":"white"},"zaxis":{"backgroundcolor":"#E5ECF6","gridcolor":"white","gridwidth":2,"linecolor":"white","showbackground":true,"ticks":"","zerolinecolor":"white"}},"shapedefaults":{"line":{"color":"#2a3f5f"}},"ternary":{"aaxis":{"gridcolor":"white","linecolor":"white","ticks":""},"baxis":{"gridcolor":"white","linecolor":"white","ticks":""},"bgcolor":"#E5ECF6","caxis":{"gridcolor":"white","linecolor":"white","ticks":""}},"title":{"x":0.05},"xaxis":{"automargin":true,"gridcolor":"white","linecolor":"white","ticks":"","title":{"standoff":15},"zerolinecolor":"white","zerolinewidth":2},"yaxis":{"automargin":true,"gridcolor":"white","linecolor":"white","ticks":"","title":{"standoff":15},"zerolinecolor":"white","zerolinewidth":2}}},"title":{"font":{"color":"#114B5F","family":"Roboto","size":16},"text":"<b>Deaths</b> and <b>intubated</b> patients in Greece"},"updatemenus":[{"active":0,"buttons":[{"args":[{"visible":[true,true]},{"title":"<b>Deaths</b> and <b>intubated</b> patients in Greece"}],"label":"ALL","method":"update"},{"args":[{"visible":[true,false]},{"title":"<b>Deaths</b>/day in Greece"}],"label":"Deaths","method":"update"},{"args":[{"visible":[false,true]},{"title":"<b>Intubated</b> patients/day in Greece"}],"label":"Intubated","method":"update"}],"direction":"left","pad":{"b":0,"l":0,"r":0,"t":0},"showactive":true,"type":"buttons","x":0.05,"xanchor":"left","y":1.05,"yanchor":"top"}],"xaxis":{"dtick":10,"gridcolor":"#F8FAFA","linecolor":"#114B5F","linewidth":0.1,"showgrid":false,"showline":true,"showticklabels":true,"tickcolor":"#BBBBBB","tickfont":{"color":"#114B5F","family":"Roboto","size":12},"ticks":"outside","zeroline":true},"yaxis":{"gridcolor":"#F8FAFA","linecolor":"#114B5F","linewidth":0.1,"showgrid":true,"showline":true,"showticklabels":true,"tickcolor":"#BBBBBB","tickfont":{"color":"#114B5F","family":"Roboto","size":12},"ticks":"outside","zeroline":false}}}