ADMIN,ADMIN_GR,iso_alpha_2,iso_alpha_3,tooltip_note,tooltip_note_en
Faeroe Islands,Νήσοι Φερόε,FO,FRO,"Πολύ αυξημένα τεστ αναλογικά με τον πληθυσμό, χαμηλό ποσοστό κρουσμάτων επί των τεστ: πιθανώς η χώρα αντιμετωπίζει, συγκριτικά με άλλες, πολύ μικρότερο πρόβλημα από αυτό που φαίνεται.  ","High ratio of testing in population, low ratio of cases in testing data: the country might be facing a smaller problem than it seems, compared to other countries."
Gibraltar,Γιβραλτάρ,GI,GIB,"Πολύ αυξημένα τεστ αναλογικά με τον πληθυσμό, χαμηλό ποσοστό κρουσμάτων επί των τεστ: πιθανώς η χώρα αντιμετωπίζει, συγκριτικά με άλλες, πολύ μικρότερο πρόβλημα από αυτό που φαίνεται.","High ratio of testing in population, low ratio of cases in testing data: the country might be facing a smaller problem than it seems, compared to other countries."
UAE,Ην. Αραβικά Εμιράτα,AE,ARE,"Πολύ αυξημένα τεστ αναλογικά με τον πληθυσμό, χαμηλό ποσοστό κρουσμάτων επί των τεστ: πιθανώς η χώρα αντιμετωπίζει, συγκριτικά με άλλες, πολύ μικρότερο πρόβλημα από αυτό που φαίνεται.","High ratio of testing in population, low ratio of cases in testing data: the country might be facing a smaller problem than it seems, compared to other countries."
United Arab Emirates,Ην. Αραβικά Εμιράτα,AE,ARE,"Πολύ αυξημένα τεστ αναλογικά με τον πληθυσμό, χαμηλό ποσοστό κρουσμάτων επί των τεστ: πιθανώς η χώρα αντιμετωπίζει, συγκριτικά με άλλες, πολύ μικρότερο πρόβλημα από αυτό που φαίνεται.","High ratio of testing in population, low ratio of cases in testing data: the country might be facing a smaller problem than it seems, compared to other countries."
Iceland,Ισλανδία,IS,ISL,"Πολύ αυξημένα τεστ αναλογικά με τον πληθυσμό, χαμηλό ποσοστό κρουσμάτων επί των τεστ: πιθανώς η χώρα αντιμετωπίζει, συγκριτικά με άλλες, πολύ μικρότερο πρόβλημα από αυτό που φαίνεται.","High ratio of testing in population, low ratio of cases in testing data: the country might be facing a smaller problem than it seems, compared to other countries."
Malta,Μάλτα,MT,MLT,"Πολύ αυξημένα τεστ αναλογικά με τον πληθυσμό, χαμηλό ποσοστό κρουσμάτων επί των τεστ: πιθανώς η χώρα αντιμετωπίζει, συγκριτικά με άλλες, πολύ μικρότερο πρόβλημα από αυτό που φαίνεται.","High ratio of testing in population, low ratio of cases in testing data: the country might be facing a smaller problem than it seems, compared to other countries."
Bahrain,Μπαχρέιν,BH,BHR,"Πολύ αυξημένα τεστ αναλογικά με τον πληθυσμό, χαμηλό ποσοστό κρουσμάτων επί των τεστ: πιθανώς η χώρα αντιμετωπίζει, συγκριτικά με άλλες, πολύ μικρότερο πρόβλημα από αυτό που φαίνεται.","High ratio of testing in population, low ratio of cases in testing data: the country might be facing a smaller problem than it seems, compared to other countries."
Faroe Islands,Νήσοι Φερόε,FO,FRO,"Πολύ αυξημένα τεστ αναλογικά με τον πληθυσμό, χαμηλό ποσοστό κρουσμάτων επί των τεστ: πιθανώς η χώρα αντιμετωπίζει, συγκριτικά με άλλες, πολύ μικρότερο πρόβλημα από αυτό που φαίνεται.","High ratio of testing in population, low ratio of cases in testing data: the country might be facing a smaller problem than it seems, compared to other countries."
Falkland Islands,Νήσοι Φώκλαντ,FK,FLK,"Πολύ αυξημένα τεστ αναλογικά με τον πληθυσμό, χαμηλό ποσοστό κρουσμάτων επί των τεστ: πιθανώς η χώρα αντιμετωπίζει, συγκριτικά με άλλες, πολύ μικρότερο πρόβλημα από αυτό που φαίνεται.","High ratio of testing in population, low ratio of cases in testing data: the country might be facing a smaller problem than it seems, compared to other countries."
Falkland Islands (Malvinas),Νήσοι Φώκλαντ,FK,FLK,"Πολύ αυξημένα τεστ αναλογικά με τον πληθυσμό, χαμηλό ποσοστό κρουσμάτων επί των τεστ: πιθανώς η χώρα αντιμετωπίζει, συγκριτικά με άλλες, πολύ μικρότερο πρόβλημα από αυτό που φαίνεται.","High ratio of testing in population, low ratio of cases in testing data: the country might be facing a smaller problem than it seems, compared to other countries."
Luxembourg,Λουξεμβούργο,LU,LUX,,
Bajo Nuevo Bank (Petrel Is.),Bajo Nuevo Bank (Petrel Is.),,,,
Saint Vincent and Grenadines,Άγ. Βικέντιος & Γρεναδίνες,VC,VCT,,
Saint Vincent and the Grenadines,Άγ. Βικέντιος & Γρεναδίνες,VC,VCT,,
St. Vincent & Grenadines,Άγ. Βικέντιος & Γρεναδίνες,VC,VCT,,
St. Vincent Grenadines,Άγ. Βικέντιος & Γρεναδίνες,VC,VCT,,
Saint Helena,Άγ. Ελένη,,,,
Saint Lucia,Άγ. Λουκία,LC,LCA,,
San Marino,Άγ. Μαρίνος,SM,SMR,,
Sint Maarten,Άγ. Μαρτίνος,,,,
Saint Kitts & Nevis,Αγ. Χριστόφορος & Νέβις,KN,KNA,,
Saint Kitts and Nevis,Αγ. Χριστόφορος & Νέβις,KN,KNA,,
Saint Barthelemy,Άγιος Βαρθολομαίος,BL,BLM,,
Saint-Barthélemy,Άγιος Βαρθολομαίος,BL,BLM,,
St. Barth,Άγιος Βαρθολομαίος,BL,BLM,,
Saint Martin,Άγιος Μαρτίνος,MF,MAF,,
Saint-Martin (French part),Άγιος Μαρτίνος,MF,MAF,,
Azerbaijan,Αζερμπαϊτζάν,AZ,AZE,,
Egypt,Αίγυπτος,EG,EGY,,
Ethiopia,Αιθιοπία,ET,ETH,,
Haiti,Αϊτή,HT,HTI,,
Cote d'Ivoire,Ακτή Ελεφαντοστού,CI,CIV,,
Côte d'Ivoire,Ακτή Ελεφαντοστού,CI,CIV,,
Ivory Coast,Ακτή Ελεφαντοστού,CI,CIV,,
Aland,Άλαντ,,,,
Albania,Αλβανία,AL,ALB,,
Algeria,Αλγερία,DZ,DZA,,
U.S. Virgin Islands,Αμερικανικές Παρθένοι Νήσοι,,,,
United States Virgin Islands,Αμερικανικές Παρθένοι Νήσοι,,,,
"Virgin Islands, US",Αμερικανικές Παρθένοι Νήσοι,,,,
US Naval Base Guantanamo Bay,Αμερικανική Ναυτική Βάση Γκουαντάναμο,,,,
American Samoa,Αμερικανική Σαμόα,,,,
East Timor,Ανατολικό Τιμόρ,TL,TLS,,
Timor-Leste,Ανατολικό Τιμόρ,TL,TLS,,
Angola,Ανγκόλα,AO,AGO,,
Anguilla,Ανγκουίλα,AI,AIA,,
Andorra,Ανδόρρα,AD,AND,,
Antarctica,Ανταρκτική,,,,
Antigua and Barbuda,Αντίγκουα & Μπαρμπούντα,AG,ATG,,
United States Minor Outlying Islands,Απομακρυσμένες Νησίδες ΗΠΑ,,,,
US Minor Outlying Islands,Απομακρυσμένες Νησίδες των Ηνωμένων Πολιτειών,,,,
Argentina,Αργεντινή,AR,ARG,,
Armenia,Αρμενία,AM,ARM,,
Aruba,Αρούμπα,AW,ABW,,
Svalbard and Jan Mayen Islands,"Αρχιπέλαγος Σβάλμπαρντ & Γιαν Μάγεν
",,,,
Australia,Αυστραλία,AU,AUS,,
Austria,Αυστρία,AT,AUT,,
Afghanistan,Αφγανιστάν,AF,AFG,,
Vanuatu,Βανουάτου,,,,
Holy See,Βατικανό,VA,VAT,,
Holy See (Vatican City State),Βατικανό,VA,VAT,,
Vatican,Βατικανό,VA,VAT,,
Vatican City,Βατικανό,VA,VAT,,
Belgium,Βέλγιο,BE,BEL,,
Venezuela,Βενεζουέλα,VE,VEN,,
Venezuela (Bolivarian Republic),Βενεζουέλα,VE,VEN,,
Bermuda,Βερμούδες,BM,BMU,,
Viet Nam,Βιετνάμ,VN,VNM,,
Vietnam,Βιετνάμ,VN,VNM,,
Bolivia,Βολιβία,BO,BOL,,
Korea (North),Βόρεια Κορέα,,,,
North Korea,Βόρεια Κορέα,,,,
Macedonia,Βόρεια Μακεδονία,MK,MKD,,
"Macedonia, Republic of",Βόρεια Μακεδονία,MK,MKD,,
North Macedonia,Βόρεια Μακεδονία,MK,MKD,,
Bosnia and Herzegovina,Βοσνία-Ερζεγοβίνη,BA,BIH,,
Bulgaria,Βουλγαρία,BG,BGR,,
Brazil,Βραζιλία,BR,BRA,,
British Virgin Islands,Βρετανικές Παρθένες Νήσοι,VG,VGB,,
British Indian Ocean Territory,Βρετανικό έδαφος Ινδικού Ωκ/νού,,,,
France,Γαλλία,FR,FRA,,
French Southern Territories,Γαλλικά Νότια & Ανταρκτικά Εδάφη,,,,
French Guiana,Γαλλική Γουιάνα,GF,GUF,,
French Polynesia,Γαλλική Πολυνησία,PF,PYF,,
Germany,Γερμανία,DE,DEU,,
Georgia,Γεωργία,GE,GEO,,
Gambia,Γκάμπια,GM,GMB,,
Gabon,Γκαμπόν,GA,GAB,,
Ghana,Γκάνα,GH,GHA,,
Guernsey,Γκέρνσεϊ,,,,
Guam,Γκουάμ,,,,
Guadeloupe,Γουαδελούπη,GP,GLP,,
Guatemala,Γουατεμάλα,GT,GTM,,
Guyana,Γουιάνα,GY,GUY,,
Guinea,Γουινέα,GN,GIN,,
Guinea Bissau,Γουινέα-Μπισσάου,GW,GNB,,
Guinea-Bissau,Γουινέα-Μπισσάου,GW,GNB,,
Grenada,Γρενάδα,GD,GRD,,
Greenland,Γροιλανδία,GL,GRL,,
Denmark,Δανία,DK,DNK,,
Congo,Δημ/τία Κονγκό,CG,COG,,
Congo (Brazzaville),Δημ/τία Κονγκό,CG,COG,,
Republic of Congo,Δημ/τία Κονγκό,CG,COG,,
Dominica,Δομινίκα,DM,DMA,,
Dominican Republic,Δομινικανή Δημ/τία,DO,DOM,,
Palestinian Territory,Δυτική Όχθη και Γάζα,,,,
West Bank and Gaza,Δυτική Όχθη και Γάζα,,,,
Western Sahara,Δυτική Σαχάρα,EH,ESH,,
El Salvador,Ελ Σαλβαδόρ,SV,SLV,,
Switzerland,Ελβετία,CH,CHE,,
Greece,Ελλάδα,GR,GRC,,
Eritrea,Ερυθραία,ER,ERI,,
Estonia,Εσθονία,EE,EST,,
Zambia,Ζάμπια,ZM,ZMB,,
Zimbabwe,Ζιμπάμπουε,ZW,ZWE,,
UK,Ην. Βασίλειο,GB,GBR,,
United Kingdom,Ην. Βασίλειο,GB,GBR,,
United States,ΗΠΑ,US,USA,,
United States of America,ΗΠΑ,US,USA,,
US,ΗΠΑ,US,USA,,
USA,ΗΠΑ,US,USA,,
Japan,Ιαπωνία,JP,JPN,,
India,Ινδία,IN,IND,,
Indonesia,Ινδονησία,ID,IDN,,
Jordan,Ιορδανία,JO,JOR,,
Iraq,Ιράκ,IQ,IRQ,,
Iran,Ιράν,IR,IRN,,
"Iran, Islamic Republic of",Ιράν,IR,IRN,,
Ireland,Ιρλανδία,IE,IRL,,
Equatorial Guinea,Ισημερινή Γουινέα,GQ,GNQ,,
Ecuador,Ισημερινός,EC,ECU,,
Spain,Ισπανία,ES,ESP,,
Israel,Ισραήλ,IL,ISR,,
Italy,Ιταλία,IT,ITA,,
Kazakhstan,Καζακστάν,KZ,KAZ,,
Cameroon,Καμερούν,CM,CMR,,
Cambodia,Καμπότζη,KH,KHM,,
Canada,Καναδάς,CA,CAN,,
Qatar,Κατάρ,QA,QAT,,
Northern Cyprus,Κατεχόμενα Βόρεια Κύπρος,,,,
CAR,Κεντροαφρικανική Δημ/τία,CF,CAF,,
Central African Republic,Κεντροαφρικανική Δημ/τία,CF,CAF,,
Kenya,Κένυα,KE,KEN,,
China,Κίνα,CN,CHN,,
Kyrgyzstan,Κιργιζία,KG,KGZ,,
Kiribati,Κιριμπάτι,,,,
Colombia,Κολομβία,CO,COL,,
Comoros,Κομόρες,,,,
Baykonur Cosmodrome,Κοσμοδρόμιο του Μπαϊκώνου,,,,
Kosovo,Κόσοβο,,,,
Costa Rica,Κόστα Ρίκα,CR,CRI,,
Cuba,Κούβα,CU,CUB,,
Kuwait,Κουβέιτ,KW,KWT,,
Curaçao,Κουρασάο,,,,
Croatia,Κροατία,HR,HRV,,
Cyprus,Κύπρος,CY,CYP,,
Congo (Kinshasa),Λαϊκή Δημ/τία Κονγκό,CD,COD,,
"Congo, (Kinshasa)",Λαϊκή Δημ/τία Κονγκό,CD,COD,,
Democratic Republic of the Congo,Λαϊκή Δημ/τία Κονγκό,CD,COD,,
DR Congo,Λαϊκή Δημ/τία Κονγκό,CD,COD,,
DRC,Λαϊκή Δημ/τία Κονγκό,CD,COD,,
Lao PDR,Λάος,LA,LAO,,
Laos,Λάος,LA,LAO,,
Lesotho,Λεσότο,,,,
Latvia,Λεττονία,LV,LVA,,
Belarus,Λευκορωσία,BY,BLR,,
Lebanon,Λίβανος,LB,LBN,,
Liberia,Λιβερία,LR,LBR,,
Libya,Λιβύη,LY,LBY,,
Lithuania,Λιθουανία,LT,LTU,,
Liechtenstein,Λίχτενσταϊν,LI,LIE,,
Mayotte,Μαγιότ,YT,MYT,,
Madagascar,Μαδαγασκάρη,MG,MDG,,
Macao,Μακάου,MO,MAC,,
Macao S.A.R,Μακάου,MO,MAC,,
"Macao, SAR China",Μακάου,MO,MAC,,
Malaysia,Μαλαισία,MY,MYS,,
Malawi,Μαλάουι,MW,MWI,,
Maldives,Μαλδίβες,MV,MDV,,
Mali,Μάλι,ML,MLI,,
Morocco,Μαρόκο,MA,MAR,,
Martinique,Μαρτινίκα,MQ,MTQ,,
Mauritius,Μαυρίκιος,MU,MUS,,
Mauritania,Μαυριτανία,MR,MRT,,
Montenegro,Μαυροβούνιο,ME,MNE,,
Mexico,Μεξικό,MX,MEX,,
Burma,Μιανμάρ,MM,MMR,,
Myanmar,Μιανμάρ,MM,MMR,,
Mongolia,Μογγολία,MN,MNG,,
Mozambique,Μοζαμβίκη,MZ,MOZ,,
Moldova,Μολδοβία,MD,MDA,,
Monaco,Μονακό,MC,MCO,,
Montserrat,Μοντσερράτ,MS,MSR,,
Bangladesh,Μπανγκλαντές,BD,BGD,,
Barbados,Μπαρμπάντος,BB,BRB,,
Bahamas,Μπαχάμες,BS,BHS,,
The Bahamas,Μπαχάμες,BS,BHS,,
Belize,Μπελίζ,BZ,BLZ,,
Benin,Μπενίν,BJ,BEN,,
Botswana,Μποτσουάνα,BW,BWA,,
Burkina Faso,Μπουρκίνα Φάσο,BF,BFA,,
Burundi,Μπουρούντι,BI,BDI,,
Bhutan,Μπουτάν,BT,BTN,,
Brunei,Μπρουνέι,BN,BRN,,
Brunei Darussalam,Μπρουνέι,BN,BRN,,
Namibia,Ναμίμπια,,NAM,,
Nauru,Ναουρού,,,,
New Zealand,Νέα Ζηλανδία,NZ,NZL,,
New Caledonia,Νέα Καληδονία,NC,NCL,,
Nepal,Νεπάλ,NP,NPL,,
Bouvet Island,Νησί Μπουβέ,,,,
Ashmore and Cartier Islands,Νησιά Άσμορ & Κάρτιερ,,,,
Cayman Islands,Νησιά Κέιμαν,KY,CYM,,
Cocos (Keeling) Islands,Νησιά Κόκος και Νησιά Κήλινγκ,,,,
Spratly Islands,Νησιά Σπράτλυ,,,,
Northern Mariana Islands,Νήσοι Βόρειες Μαριάνες,,,,
Cook Islands,Νήσοι Κουκ,,,,
Marshall Islands,Νήσοι Μάρσαλ,,,,
South Georgia and the South Sandwich Islands,Νήσοι Νότια Γεωργία & Νότιες Σάντουιτς,,,,
Wallis & Futuna,Νήσοι Ουώλις & Φουτούνα,,,,
Wallis and Futuna,Νήσοι Ουώλις & Φουτούνα,,,,
Wallis and Futuna Islands,Νήσοι Ουώλις & Φουτούνα,,,,
Pitcairn,Νήσοι Πίτκαιρν,,,,
Solomon Islands,Νήσοι Σολομώντα,,,,
Turks and Caicos,Νήσοι Τουρκ & Κάικος,TC,TCA,,
Turks and Caicos Islands,Νήσοι Τουρκ & Κάικος,TC,TCA,,
Heard and Mcdonald Islands,Νήσοι Χερντ & ΜακΝτόναλντ,,,,
Aland Islands,νήσοι Ώλαντ,,,,
Isle of Man,Νήσος Μαν,IM,IMN,,
Norfolk Island,Νήσος Νόρφολκ,,,,
Serranilla Bank,Νήσος Σερανίγια,,,,
Christmas Island,Νήσος των Χριστουγέννων,,,,
Niger,Νίγηρας,NE,NER,,
Nigeria,Νιγηρία,NG,NGA,,
Nicaragua,Νικαράγουα,NI,NIC,,
Niue,Νιούε,,,,
Norway,Νορβηγία,NO,NOR,,
South Africa,Νότια Αφρική,ZA,ZAF,,
Korea (South),Νότια Κορέα,KR,KOR,,
"Korea, South",Νότια Κορέα,KR,KOR,,
S. Korea,Νότια Κορέα,KR,KOR,,
South Korea,Νότια Κορέα,KR,KOR,,
South Sudan,Νότιο Σουδάν,SS,SSD,,
Netherlands,Ολλανδία,NL,NLD,,
Netherlands Antilles,Ολλανδικές Αντίλλες,,,,
Oman,Ομάν,OM,OMN,,
Federated States of Micronesia,Ομόσπονδες Πολιτείες Μικρονησίας,,,,
Micronesia,Ομόσπονδες Πολιτείες Μικρονησίας,,,,
"Micronesia, Federated States of",Ομόσπονδες Πολιτείες Μικρονησίας,,,,
Honduras,Ονδούρα,HN,HND,,
Hungary,Ουγγαρία,HU,HUN,,
Uganda,Ουγκάντα,UG,UGA,,
Uzbekistan,Ουζμπεκιστάν,UZ,UZB,,
Ukraine,Ουκρανία,UA,UKR,,
Uruguay,Ουρουγουάη,UY,URY,,
Siachen Glacier,Παγετώνας Σιάχεν,,,,
Pakistan,Πακιστάν,PK,PAK,,
Palau,Παλάου,,,,
Palestine,Παλεστίνη,,,,
State of Palestine,Παλεστίνη,,,,
Panama,Παναμάς,PA,PAN,,
Papua New Guinea,Παπούα Ν. Γουινέα,PG,PNG,,
Paraguay,Παραγουάη,PY,PRY,,
Dhekelia Sovereign Base Area,Περιοχές Κυρίαρχων Βάσεων Ακρωτηρίου & Δεκέλιας,,,,
Indian Ocean Territories,Περιοχή Ινδικού Ωκ/νού,,,,
Akrotiri Sovereign Base Area,Περιοχή Κυρίαρχων Βάσεων Ακρωτηρίου,,,,
Peru,Περού,PE,PER,,
Pitcairn Islands,Πίτκαϊρν,,,,
Diamond Princess,Πλοίο «Diamond Princess»,,,,
MS Zaandam,Πλοίο «MS Zaandam»,,,,
Poland,Πολωνία,PL,POL,,
Portugal,Πορτογαλία,PT,PRT,,
Puerto Rico,Πουέρτο Ρίκο,,,,
Cyprus No Mans Area,Πράσινη Γραμμή (Κύπρος),,,,
Cabo Verde,Πράσινο Ακρωτήριο,CV,CPV,,
Cape Verde,Πράσινο Ακρωτήριο,CV,CPV,,
Réunion,Ρεϋνιόν,RE,REU,,
Rwanda,Ρουάντα,RW,RWA,,
Romania,Ρουμανία,RO,ROU,,
Russia,Ρωσία,RU,RUS,,
Russian Federation,Ρωσία,RU,RUS,,
Saint Pierre Miquelon,Σαιν-Πιερ και Μικελόν,,,,
Samoa,Σαμόα,,,,
Sao Tome & Principe,Σάο Τομέ & Πρίνσιπε,ST,STP,,
Sao Tome and Principe,Σάο Τομέ & Πρίνσιπε,ST,STP,,
Saudi Arabia,Σαουδική Αραβία,SA,SAU,,
Senegal,Σενεγάλη,SN,SEN,,
Saint Pierre & Miquelon,Σεντ Πιέρ & Μικελόν,,,,
Saint Pierre and Miquelon,Σεντ Πιέρ & Μικελόν,,,,
Republic of Serbia,Σερβία,RS,SRB,,
Serbia,Σερβία,RS,SRB,,
Seychelles,Σεϋχέλλες,SC,SYC,,
Singapore,Σιγκαπούρη,SG,SGP,,
Sierra Leone,Σιέρα Λεόνε,SL,SLE,,
Slovakia,Σλοβακία,SK,SVK,,
Slovenia,Σλοβενία,SI,SVN,,
Somalia,Σομαλία,SO,SOM,,
Somaliland,Σομαλιλάνδη,,,,
Eswatini,Σουαζιλάνδη,SZ,SWZ,,
Swaziland,Σουαζιλάνδη,SZ,SWZ,,
Sudan,Σουδάν,SD,SDN,,
Sweden,Σουηδία,SE,SWE,,
Suriname,Σουρινάμ,SR,SUR,,
Sri Lanka,Σρι Λάνκα,LK,LKA,,
Syria,Συρία,SY,SYR,,
Syrian Arab Republic (Syria),Συρία,SY,SYR,,
Taiwan,Ταϊβάν,TW,TWN,,
"Taiwan, Republic of China",Ταϊβάν,TW,TWN,,
Taiwan*,Ταϊβάν,TW,TWN,,
Thailand,Ταϊλάνδη,TH,THA,,
Tanzania,Τανζανία,TZ,TZA,,
"Tanzania, United Republic of",Τανζανία,TZ,TZA,,
United Republic of Tanzania,Τανζανία,TZ,TZA,,
Tajikistan,Τατζικιστάν,,,,
Jamaica,Τζαμάικα,JM,JAM,,
Jersey,Τζέρσι,,,,
Djibouti,Τζιμπουτί,DJ,DJI,,
Tonga,Τόγκα,,,,
Togo,Τόγκο,TG,TGO,,
Tokelau,Τοκελάου,,,,
Tuvalu,Τουβαλού,,,,
Turkey,Τουρκία,TR,TUR,,
Turkmenistan,Τουρκμενιστάν,,,,
Trinidad and Tobago,Τρινιντάντ & Τομπάγκο,TT,TTO,,
Chad,Τσαντ,TD,TCD,,
Czech Republic,Τσεχία,CZ,CZE,,
Czech Republic (Czechia),Τσεχία,CZ,CZE,,
Czechia,Τσεχία,CZ,CZE,,
Tunisia,Τυνησία,TN,TUN,,
Yemen,Υεμένη,,,,
Coral Sea Islands,Ύφαλοι Θάλασσας Κοραλλίων,,,,
Scarborough Reef,Ύφαλος Σκαρμπόροου,,,,
Philippines,Φιλιππίνες,PH,PHL,,
Finland,Φινλανδία,FI,FIN,,
Fiji,Φίτζι,FJ,FJI,,
Chile,Χιλή,CL,CHL,,
Hong Kong,Χονγκ Κονγκ,HK,HKG,,
Hong Kong S.A.R.,Χονγκ Κονγκ,HK,HKG,,
"Hong Kong, SAR China",Χονγκ Κονγκ,HK,HKG,,